OldPath,NewPath,Guid,Type,Phase,Status
Assets/DefaultNetworkPrefabs.asset,Assets/_Game/Settings/Networking/DefaultNetworkPrefabs.asset,,Asset,2,Moved
Assets/InputSystem_Actions.inputactions,Assets/_Game/Settings/Input/InputSystem_Actions.inputactions,,Asset,2,Moved
Assets/PlayerControls.inputactions,Assets/_Game/Settings/Input/PlayerControls.inputactions,,Asset,2,Moved
Assets/PlayerControls.cs,Assets/_Game/Scripts/Generated/Input/PlayerControls.cs,,Script,2,Moved
Assets/_GameTestShader/VFX/Combat/SwordSlash/Prefabs/VFX_SwordSlash_Hit_Blue.prefab,Assets/_Game/Prefabs/VFX/Combat/SwordSlash/VFX_SwordSlash_Hit_Blue.prefab,c3b472422383f6a45b4d82a2ab597fbf,Prefab,6,Moved
Assets/_GameTestShader/VFX/Combat/SwordSlash/Prefabs/VFX_SwordSlash_Swing_Blue.prefab,Assets/_Game/Prefabs/VFX/Combat/SwordSlash/VFX_SwordSlash_Swing_Blue.prefab,f6f340ae666771a41a7a53453530cc89,Prefab,6,Moved
Assets/_GameTestShader/VFX/Combat/SwordSlash/Prefabs/Broadsword.prefab,Assets/_Dev/VFXAuthoring/SwordSlash/Fixtures/Weapons/Broadsword.prefab,34f00405902c9f04cbd9361b1c4bc208,Prefab,6,Moved
Assets/_GameTestShader/VFX/Combat/SwordSlash/Prefabs/Straight Sword.prefab,Assets/_Dev/VFXAuthoring/SwordSlash/Fixtures/Weapons/Straight Sword.prefab,b90e5649b4f8b9d47a404581030748f9,Prefab,6,Moved
Assets/_GameTestShader/Script/VFX/Combat/SwordSlash/SwordSlashTestDriver.cs,Assets/_Dev/VFXAuthoring/SwordSlash/Scripts/SwordSlashTestDriver.cs,d2c544e58211a3044aa8039c5d28e823,Script,6,Moved
Assets/_GameTestShader/Script/VFX/Combat/SwordSlash/SwordSlashVFXPlayer.cs,Assets/_Game/Scripts/VFX/Combat/SwordSlash/SwordSlashVFXPlayer.cs,eff2692837a1dda4ab4e9b58a5c52f23,Script,6,Moved
Assets/_GameTestShader/Script/VFX/Combat/SwordSlash/SwordSlashHitVFXSpawner.cs,Assets/_Game/Scripts/VFX/Combat/SwordSlash/SwordSlashHitVFXSpawner.cs,4de9cd9126829484481955c7533b3307,Script,6,Moved
Assets/_GameTestShader/Editor/VFX/SwordSlashCoreConfigurator.cs,Assets/_Dev/VFXAuthoring/SwordSlash/Editor/SwordSlashCoreConfigurator.cs,,Script,6,Moved
